date,close,symbol,label,unit
2024-04-22,87.0,BZ=F,Brent Crude Continuous,$/bbl
2024-04-23,88.41999816894531,BZ=F,Brent Crude Continuous,$/bbl
2024-04-24,88.0199966430664,BZ=F,Brent Crude Continuous,$/bbl
2024-04-25,89.01000213623047,BZ=F,Brent Crude Continuous,$/bbl
2024-04-26,89.5,BZ=F,Brent Crude Continuous,$/bbl
2024-04-29,88.4000015258789,BZ=F,Brent Crude Continuous,$/bbl
2024-04-30,87.86000061035156,BZ=F,Brent Crude Continuous,$/bbl
2024-05-01,83.44000244140625,BZ=F,Brent Crude Continuous,$/bbl
2024-05-02,83.66999816894531,BZ=F,Brent Crude Continuous,$/bbl
2024-05-03,82.95999908447266,BZ=F,Brent Crude Continuous,$/bbl
2024-05-06,83.33000183105469,BZ=F,Brent Crude Continuous,$/bbl
2024-05-07,83.16000366210938,BZ=F,Brent Crude Continuous,$/bbl
2024-05-08,83.58000183105469,BZ=F,Brent Crude Continuous,$/bbl
2024-05-09,83.87999725341797,BZ=F,Brent Crude Continuous,$/bbl
2024-05-10,82.79000091552734,BZ=F,Brent Crude Continuous,$/bbl
2024-05-13,83.36000061035156,BZ=F,Brent Crude Continuous,$/bbl
2024-05-14,82.37999725341797,BZ=F,Brent Crude Continuous,$/bbl
2024-05-15,82.75,BZ=F,Brent Crude Continuous,$/bbl
2024-05-16,83.2699966430664,BZ=F,Brent Crude Continuous,$/bbl
2024-05-17,83.9800033569336,BZ=F,Brent Crude Continuous,$/bbl
2024-05-20,83.70999908447266,BZ=F,Brent Crude Continuous,$/bbl
2024-05-21,82.87999725341797,BZ=F,Brent Crude Continuous,$/bbl
2024-05-22,81.9000015258789,BZ=F,Brent Crude Continuous,$/bbl
2024-05-23,81.36000061035156,BZ=F,Brent Crude Continuous,$/bbl
2024-05-24,82.12000274658203,BZ=F,Brent Crude Continuous,$/bbl
2024-05-28,84.22000122070312,BZ=F,Brent Crude Continuous,$/bbl
2024-05-29,83.5999984741211,BZ=F,Brent Crude Continuous,$/bbl
2024-05-30,81.86000061035156,BZ=F,Brent Crude Continuous,$/bbl
2024-05-31,81.62000274658203,BZ=F,Brent Crude Continuous,$/bbl
2024-06-03,78.36000061035156,BZ=F,Brent Crude Continuous,$/bbl
2024-06-04,77.5199966430664,BZ=F,Brent Crude Continuous,$/bbl
2024-06-05,78.41000366210938,BZ=F,Brent Crude Continuous,$/bbl
2024-06-06,79.87000274658203,BZ=F,Brent Crude Continuous,$/bbl
2024-06-07,79.62000274658203,BZ=F,Brent Crude Continuous,$/bbl
2024-06-10,81.62999725341797,BZ=F,Brent Crude Continuous,$/bbl
2024-06-11,81.91999816894531,BZ=F,Brent Crude Continuous,$/bbl
2024-06-12,82.5999984741211,BZ=F,Brent Crude Continuous,$/bbl
2024-06-13,82.75,BZ=F,Brent Crude Continuous,$/bbl
2024-06-14,82.62000274658203,BZ=F,Brent Crude Continuous,$/bbl
2024-06-17,84.25,BZ=F,Brent Crude Continuous,$/bbl
2024-06-18,85.33000183105469,BZ=F,Brent Crude Continuous,$/bbl
2024-06-20,85.70999908447266,BZ=F,Brent Crude Continuous,$/bbl
2024-06-21,85.23999786376953,BZ=F,Brent Crude Continuous,$/bbl
2024-06-24,86.01000213623047,BZ=F,Brent Crude Continuous,$/bbl
2024-06-25,85.01000213623047,BZ=F,Brent Crude Continuous,$/bbl
2024-06-26,85.25,BZ=F,Brent Crude Continuous,$/bbl
2024-06-27,86.38999938964844,BZ=F,Brent Crude Continuous,$/bbl
2024-06-28,86.41000366210938,BZ=F,Brent Crude Continuous,$/bbl
2024-07-01,86.5999984741211,BZ=F,Brent Crude Continuous,$/bbl
2024-07-02,86.23999786376953,BZ=F,Brent Crude Continuous,$/bbl
2024-07-03,87.33999633789062,BZ=F,Brent Crude Continuous,$/bbl
2024-07-05,86.54000091552734,BZ=F,Brent Crude Continuous,$/bbl
2024-07-08,85.75,BZ=F,Brent Crude Continuous,$/bbl
2024-07-09,84.66000366210938,BZ=F,Brent Crude Continuous,$/bbl
2024-07-10,85.08000183105469,BZ=F,Brent Crude Continuous,$/bbl
2024-07-11,85.4000015258789,BZ=F,Brent Crude Continuous,$/bbl
2024-07-12,85.02999877929688,BZ=F,Brent Crude Continuous,$/bbl
2024-07-15,84.8499984741211,BZ=F,Brent Crude Continuous,$/bbl
2024-07-16,83.7300033569336,BZ=F,Brent Crude Continuous,$/bbl
2024-07-17,85.08000183105469,BZ=F,Brent Crude Continuous,$/bbl
2024-07-18,85.11000061035156,BZ=F,Brent Crude Continuous,$/bbl
2024-07-19,82.62999725341797,BZ=F,Brent Crude Continuous,$/bbl
2024-07-22,82.4000015258789,BZ=F,Brent Crude Continuous,$/bbl
2024-07-23,81.01000213623047,BZ=F,Brent Crude Continuous,$/bbl
2024-07-24,81.70999908447266,BZ=F,Brent Crude Continuous,$/bbl
2024-07-25,82.37000274658203,BZ=F,Brent Crude Continuous,$/bbl
2024-07-26,81.12999725341797,BZ=F,Brent Crude Continuous,$/bbl
2024-07-29,79.77999877929688,BZ=F,Brent Crude Continuous,$/bbl
2024-07-30,78.62999725341797,BZ=F,Brent Crude Continuous,$/bbl
2024-07-31,80.72000122070312,BZ=F,Brent Crude Continuous,$/bbl
2024-08-01,79.5199966430664,BZ=F,Brent Crude Continuous,$/bbl
2024-08-02,76.80999755859375,BZ=F,Brent Crude Continuous,$/bbl
2024-08-05,76.30000305175781,BZ=F,Brent Crude Continuous,$/bbl
2024-08-06,76.4800033569336,BZ=F,Brent Crude Continuous,$/bbl
2024-08-07,78.33000183105469,BZ=F,Brent Crude Continuous,$/bbl
2024-08-08,79.16000366210938,BZ=F,Brent Crude Continuous,$/bbl
2024-08-09,79.66000366210938,BZ=F,Brent Crude Continuous,$/bbl
2024-08-12,82.30000305175781,BZ=F,Brent Crude Continuous,$/bbl
2024-08-13,80.69000244140625,BZ=F,Brent Crude Continuous,$/bbl
2024-08-14,79.76000213623047,BZ=F,Brent Crude Continuous,$/bbl
2024-08-15,81.04000091552734,BZ=F,Brent Crude Continuous,$/bbl
2024-08-16,79.68000030517578,BZ=F,Brent Crude Continuous,$/bbl
2024-08-19,77.66000366210938,BZ=F,Brent Crude Continuous,$/bbl
2024-08-20,77.19999694824219,BZ=F,Brent Crude Continuous,$/bbl
2024-08-21,76.05000305175781,BZ=F,Brent Crude Continuous,$/bbl
2024-08-22,77.22000122070312,BZ=F,Brent Crude Continuous,$/bbl
2024-08-23,79.0199966430664,BZ=F,Brent Crude Continuous,$/bbl
2024-08-26,81.43000030517578,BZ=F,Brent Crude Continuous,$/bbl
2024-08-27,79.55000305175781,BZ=F,Brent Crude Continuous,$/bbl
2024-08-28,78.6500015258789,BZ=F,Brent Crude Continuous,$/bbl
2024-08-29,79.94000244140625,BZ=F,Brent Crude Continuous,$/bbl
2024-08-30,78.80000305175781,BZ=F,Brent Crude Continuous,$/bbl
2024-09-03,73.75,BZ=F,Brent Crude Continuous,$/bbl
2024-09-04,72.69999694824219,BZ=F,Brent Crude Continuous,$/bbl
2024-09-05,72.69000244140625,BZ=F,Brent Crude Continuous,$/bbl
2024-09-06,71.05999755859375,BZ=F,Brent Crude Continuous,$/bbl
2024-09-09,71.83999633789062,BZ=F,Brent Crude Continuous,$/bbl
2024-09-10,69.19000244140625,BZ=F,Brent Crude Continuous,$/bbl
2024-09-11,70.61000061035156,BZ=F,Brent Crude Continuous,$/bbl
2024-09-12,71.97000122070312,BZ=F,Brent Crude Continuous,$/bbl
2024-09-13,71.61000061035156,BZ=F,Brent Crude Continuous,$/bbl
2024-09-16,72.75,BZ=F,Brent Crude Continuous,$/bbl
2024-09-17,73.69999694824219,BZ=F,Brent Crude Continuous,$/bbl
2024-09-18,73.6500015258789,BZ=F,Brent Crude Continuous,$/bbl
2024-09-19,74.87999725341797,BZ=F,Brent Crude Continuous,$/bbl
2024-09-20,74.48999786376953,BZ=F,Brent Crude Continuous,$/bbl
2024-09-23,73.9000015258789,BZ=F,Brent Crude Continuous,$/bbl
2024-09-24,75.16999816894531,BZ=F,Brent Crude Continuous,$/bbl
2024-09-25,73.45999908447266,BZ=F,Brent Crude Continuous,$/bbl
2024-09-26,71.5999984741211,BZ=F,Brent Crude Continuous,$/bbl
2024-09-27,71.9800033569336,BZ=F,Brent Crude Continuous,$/bbl
2024-09-30,71.7699966430664,BZ=F,Brent Crude Continuous,$/bbl
2024-10-01,73.55999755859375,BZ=F,Brent Crude Continuous,$/bbl
2024-10-02,73.9000015258789,BZ=F,Brent Crude Continuous,$/bbl
2024-10-03,77.62000274658203,BZ=F,Brent Crude Continuous,$/bbl
2024-10-04,78.05000305175781,BZ=F,Brent Crude Continuous,$/bbl
2024-10-07,80.93000030517578,BZ=F,Brent Crude Continuous,$/bbl
2024-10-08,77.18000030517578,BZ=F,Brent Crude Continuous,$/bbl
2024-10-09,76.58000183105469,BZ=F,Brent Crude Continuous,$/bbl
2024-10-10,79.4000015258789,BZ=F,Brent Crude Continuous,$/bbl
2024-10-11,79.04000091552734,BZ=F,Brent Crude Continuous,$/bbl
2024-10-14,77.45999908447266,BZ=F,Brent Crude Continuous,$/bbl
2024-10-15,74.25,BZ=F,Brent Crude Continuous,$/bbl
2024-10-16,74.22000122070312,BZ=F,Brent Crude Continuous,$/bbl
2024-10-17,74.44999694824219,BZ=F,Brent Crude Continuous,$/bbl
2024-10-18,73.05999755859375,BZ=F,Brent Crude Continuous,$/bbl
2024-10-21,74.29000091552734,BZ=F,Brent Crude Continuous,$/bbl
2024-10-22,76.04000091552734,BZ=F,Brent Crude Continuous,$/bbl
2024-10-23,74.95999908447266,BZ=F,Brent Crude Continuous,$/bbl
2024-10-24,74.37999725341797,BZ=F,Brent Crude Continuous,$/bbl
2024-10-25,76.05000305175781,BZ=F,Brent Crude Continuous,$/bbl
2024-10-28,71.41999816894531,BZ=F,Brent Crude Continuous,$/bbl
2024-10-29,71.12000274658203,BZ=F,Brent Crude Continuous,$/bbl
2024-10-30,72.55000305175781,BZ=F,Brent Crude Continuous,$/bbl
2024-10-31,73.16000366210938,BZ=F,Brent Crude Continuous,$/bbl
2024-11-01,73.0999984741211,BZ=F,Brent Crude Continuous,$/bbl
2024-11-04,75.08000183105469,BZ=F,Brent Crude Continuous,$/bbl
2024-11-05,75.52999877929688,BZ=F,Brent Crude Continuous,$/bbl
2024-11-06,74.91999816894531,BZ=F,Brent Crude Continuous,$/bbl
2024-11-07,75.62999725341797,BZ=F,Brent Crude Continuous,$/bbl
2024-11-08,73.87000274658203,BZ=F,Brent Crude Continuous,$/bbl
2024-11-11,71.83000183105469,BZ=F,Brent Crude Continuous,$/bbl
2024-11-12,71.88999938964844,BZ=F,Brent Crude Continuous,$/bbl
2024-11-13,72.27999877929688,BZ=F,Brent Crude Continuous,$/bbl
2024-11-14,72.55999755859375,BZ=F,Brent Crude Continuous,$/bbl
2024-11-15,71.04000091552734,BZ=F,Brent Crude Continuous,$/bbl
2024-11-18,73.30000305175781,BZ=F,Brent Crude Continuous,$/bbl
2024-11-19,73.30999755859375,BZ=F,Brent Crude Continuous,$/bbl
2024-11-20,72.80999755859375,BZ=F,Brent Crude Continuous,$/bbl
2024-11-21,74.2300033569336,BZ=F,Brent Crude Continuous,$/bbl
2024-11-22,75.16999816894531,BZ=F,Brent Crude Continuous,$/bbl
2024-11-25,73.01000213623047,BZ=F,Brent Crude Continuous,$/bbl
2024-11-26,72.80999755859375,BZ=F,Brent Crude Continuous,$/bbl
2024-11-27,72.83000183105469,BZ=F,Brent Crude Continuous,$/bbl
2024-11-29,72.94000244140625,BZ=F,Brent Crude Continuous,$/bbl
2024-12-02,71.83000183105469,BZ=F,Brent Crude Continuous,$/bbl
2024-12-03,73.62000274658203,BZ=F,Brent Crude Continuous,$/bbl
2024-12-04,72.30999755859375,BZ=F,Brent Crude Continuous,$/bbl
2024-12-05,72.08999633789062,BZ=F,Brent Crude Continuous,$/bbl
2024-12-06,71.12000274658203,BZ=F,Brent Crude Continuous,$/bbl
2024-12-09,72.13999938964844,BZ=F,Brent Crude Continuous,$/bbl
2024-12-10,72.19000244140625,BZ=F,Brent Crude Continuous,$/bbl
2024-12-11,73.5199966430664,BZ=F,Brent Crude Continuous,$/bbl
2024-12-12,73.41000366210938,BZ=F,Brent Crude Continuous,$/bbl
2024-12-13,74.48999786376953,BZ=F,Brent Crude Continuous,$/bbl
2024-12-16,73.91000366210938,BZ=F,Brent Crude Continuous,$/bbl
2024-12-17,73.19000244140625,BZ=F,Brent Crude Continuous,$/bbl
2024-12-18,73.38999938964844,BZ=F,Brent Crude Continuous,$/bbl
2024-12-19,72.87999725341797,BZ=F,Brent Crude Continuous,$/bbl
2024-12-20,72.94000244140625,BZ=F,Brent Crude Continuous,$/bbl
2024-12-23,72.62999725341797,BZ=F,Brent Crude Continuous,$/bbl
2024-12-24,73.58000183105469,BZ=F,Brent Crude Continuous,$/bbl
2024-12-26,73.26000213623047,BZ=F,Brent Crude Continuous,$/bbl
2024-12-27,74.16999816894531,BZ=F,Brent Crude Continuous,$/bbl
2024-12-30,74.38999938964844,BZ=F,Brent Crude Continuous,$/bbl
2024-12-31,74.63999938964844,BZ=F,Brent Crude Continuous,$/bbl
2025-01-02,75.93000030517578,BZ=F,Brent Crude Continuous,$/bbl
2025-01-03,76.51000213623047,BZ=F,Brent Crude Continuous,$/bbl
2025-01-06,76.30000305175781,BZ=F,Brent Crude Continuous,$/bbl
2025-01-07,77.05000305175781,BZ=F,Brent Crude Continuous,$/bbl
2025-01-08,76.16000366210938,BZ=F,Brent Crude Continuous,$/bbl
2025-01-09,76.91999816894531,BZ=F,Brent Crude Continuous,$/bbl
2025-01-10,79.76000213623047,BZ=F,Brent Crude Continuous,$/bbl
2025-01-13,81.01000213623047,BZ=F,Brent Crude Continuous,$/bbl
2025-01-14,79.91999816894531,BZ=F,Brent Crude Continuous,$/bbl
2025-01-15,82.02999877929688,BZ=F,Brent Crude Continuous,$/bbl
2025-01-16,81.29000091552734,BZ=F,Brent Crude Continuous,$/bbl
2025-01-17,80.79000091552734,BZ=F,Brent Crude Continuous,$/bbl
2025-01-21,79.29000091552734,BZ=F,Brent Crude Continuous,$/bbl
2025-01-22,79.0,BZ=F,Brent Crude Continuous,$/bbl
2025-01-23,78.29000091552734,BZ=F,Brent Crude Continuous,$/bbl
2025-01-24,78.5,BZ=F,Brent Crude Continuous,$/bbl
2025-01-27,77.08000183105469,BZ=F,Brent Crude Continuous,$/bbl
2025-01-28,77.48999786376953,BZ=F,Brent Crude Continuous,$/bbl
2025-01-29,76.58000183105469,BZ=F,Brent Crude Continuous,$/bbl
2025-01-30,76.87000274658203,BZ=F,Brent Crude Continuous,$/bbl
2025-01-31,76.76000213623047,BZ=F,Brent Crude Continuous,$/bbl
2025-02-03,75.95999908447266,BZ=F,Brent Crude Continuous,$/bbl
2025-02-04,76.19999694824219,BZ=F,Brent Crude Continuous,$/bbl
2025-02-05,74.61000061035156,BZ=F,Brent Crude Continuous,$/bbl
2025-02-06,74.29000091552734,BZ=F,Brent Crude Continuous,$/bbl
2025-02-07,74.66000366210938,BZ=F,Brent Crude Continuous,$/bbl
2025-02-10,75.87000274658203,BZ=F,Brent Crude Continuous,$/bbl
2025-02-11,77.0,BZ=F,Brent Crude Continuous,$/bbl
2025-02-12,75.18000030517578,BZ=F,Brent Crude Continuous,$/bbl
2025-02-13,75.0199966430664,BZ=F,Brent Crude Continuous,$/bbl
2025-02-14,74.73999786376953,BZ=F,Brent Crude Continuous,$/bbl
2025-02-18,75.83999633789062,BZ=F,Brent Crude Continuous,$/bbl
2025-02-19,76.04000091552734,BZ=F,Brent Crude Continuous,$/bbl
2025-02-20,76.4800033569336,BZ=F,Brent Crude Continuous,$/bbl
2025-02-21,74.43000030517578,BZ=F,Brent Crude Continuous,$/bbl
2025-02-24,74.77999877929688,BZ=F,Brent Crude Continuous,$/bbl
2025-02-25,73.0199966430664,BZ=F,Brent Crude Continuous,$/bbl
2025-02-26,72.52999877929688,BZ=F,Brent Crude Continuous,$/bbl
2025-02-27,74.04000091552734,BZ=F,Brent Crude Continuous,$/bbl
2025-02-28,73.18000030517578,BZ=F,Brent Crude Continuous,$/bbl
2025-03-03,71.62000274658203,BZ=F,Brent Crude Continuous,$/bbl
2025-03-04,71.04000091552734,BZ=F,Brent Crude Continuous,$/bbl
2025-03-05,69.30000305175781,BZ=F,Brent Crude Continuous,$/bbl
2025-03-06,69.45999908447266,BZ=F,Brent Crude Continuous,$/bbl
2025-03-07,70.36000061035156,BZ=F,Brent Crude Continuous,$/bbl
2025-03-10,69.27999877929688,BZ=F,Brent Crude Continuous,$/bbl
2025-03-11,69.55999755859375,BZ=F,Brent Crude Continuous,$/bbl
2025-03-12,70.94999694824219,BZ=F,Brent Crude Continuous,$/bbl
2025-03-13,69.87999725341797,BZ=F,Brent Crude Continuous,$/bbl
2025-03-14,70.58000183105469,BZ=F,Brent Crude Continuous,$/bbl
2025-03-17,71.06999969482422,BZ=F,Brent Crude Continuous,$/bbl
2025-03-18,70.55999755859375,BZ=F,Brent Crude Continuous,$/bbl
2025-03-19,70.77999877929688,BZ=F,Brent Crude Continuous,$/bbl
2025-03-20,72.0,BZ=F,Brent Crude Continuous,$/bbl
2025-03-21,72.16000366210938,BZ=F,Brent Crude Continuous,$/bbl
2025-03-24,73.0,BZ=F,Brent Crude Continuous,$/bbl
2025-03-25,73.0199966430664,BZ=F,Brent Crude Continuous,$/bbl
2025-03-26,73.79000091552734,BZ=F,Brent Crude Continuous,$/bbl
2025-03-27,74.02999877929688,BZ=F,Brent Crude Continuous,$/bbl
2025-03-28,73.62999725341797,BZ=F,Brent Crude Continuous,$/bbl
2025-03-31,74.73999786376953,BZ=F,Brent Crude Continuous,$/bbl
2025-04-01,74.48999786376953,BZ=F,Brent Crude Continuous,$/bbl
2025-04-02,74.94999694824219,BZ=F,Brent Crude Continuous,$/bbl
2025-04-03,70.13999938964844,BZ=F,Brent Crude Continuous,$/bbl
2025-04-04,65.58000183105469,BZ=F,Brent Crude Continuous,$/bbl
2025-04-07,64.20999908447266,BZ=F,Brent Crude Continuous,$/bbl
2025-04-08,62.81999969482422,BZ=F,Brent Crude Continuous,$/bbl
2025-04-09,65.4800033569336,BZ=F,Brent Crude Continuous,$/bbl
2025-04-10,63.33000183105469,BZ=F,Brent Crude Continuous,$/bbl
2025-04-11,64.76000213623047,BZ=F,Brent Crude Continuous,$/bbl
2025-04-14,64.87999725341797,BZ=F,Brent Crude Continuous,$/bbl
2025-04-15,64.66999816894531,BZ=F,Brent Crude Continuous,$/bbl
2025-04-16,65.8499984741211,BZ=F,Brent Crude Continuous,$/bbl
2025-04-17,67.95999908447266,BZ=F,Brent Crude Continuous,$/bbl
2025-04-21,66.26000213623047,BZ=F,Brent Crude Continuous,$/bbl
2025-04-22,67.44000244140625,BZ=F,Brent Crude Continuous,$/bbl
2025-04-23,66.12000274658203,BZ=F,Brent Crude Continuous,$/bbl
2025-04-24,66.55000305175781,BZ=F,Brent Crude Continuous,$/bbl
2025-04-25,66.87000274658203,BZ=F,Brent Crude Continuous,$/bbl
2025-04-28,65.86000061035156,BZ=F,Brent Crude Continuous,$/bbl
2025-04-29,64.25,BZ=F,Brent Crude Continuous,$/bbl
2025-04-30,63.119998931884766,BZ=F,Brent Crude Continuous,$/bbl
2025-05-01,62.130001068115234,BZ=F,Brent Crude Continuous,$/bbl
2025-05-02,61.290000915527344,BZ=F,Brent Crude Continuous,$/bbl
2025-05-05,60.22999954223633,BZ=F,Brent Crude Continuous,$/bbl
2025-05-06,62.150001525878906,BZ=F,Brent Crude Continuous,$/bbl
2025-05-07,61.119998931884766,BZ=F,Brent Crude Continuous,$/bbl
2025-05-08,62.84000015258789,BZ=F,Brent Crude Continuous,$/bbl
2025-05-09,63.90999984741211,BZ=F,Brent Crude Continuous,$/bbl
2025-05-12,64.95999908447266,BZ=F,Brent Crude Continuous,$/bbl
2025-05-13,66.62999725341797,BZ=F,Brent Crude Continuous,$/bbl
2025-05-14,66.08999633789062,BZ=F,Brent Crude Continuous,$/bbl
2025-05-15,64.52999877929688,BZ=F,Brent Crude Continuous,$/bbl
2025-05-16,65.41000366210938,BZ=F,Brent Crude Continuous,$/bbl
2025-05-19,65.54000091552734,BZ=F,Brent Crude Continuous,$/bbl
2025-05-20,65.37999725341797,BZ=F,Brent Crude Continuous,$/bbl
2025-05-21,64.91000366210938,BZ=F,Brent Crude Continuous,$/bbl
2025-05-22,64.44000244140625,BZ=F,Brent Crude Continuous,$/bbl
2025-05-23,64.77999877929688,BZ=F,Brent Crude Continuous,$/bbl
2025-05-27,64.08999633789062,BZ=F,Brent Crude Continuous,$/bbl
2025-05-28,64.9000015258789,BZ=F,Brent Crude Continuous,$/bbl
2025-05-29,64.1500015258789,BZ=F,Brent Crude Continuous,$/bbl
2025-05-30,63.900001525878906,BZ=F,Brent Crude Continuous,$/bbl
2025-06-02,64.62999725341797,BZ=F,Brent Crude Continuous,$/bbl
2025-06-03,65.62999725341797,BZ=F,Brent Crude Continuous,$/bbl
2025-06-04,64.86000061035156,BZ=F,Brent Crude Continuous,$/bbl
2025-06-05,65.33999633789062,BZ=F,Brent Crude Continuous,$/bbl
2025-06-06,66.47000122070312,BZ=F,Brent Crude Continuous,$/bbl
2025-06-09,67.04000091552734,BZ=F,Brent Crude Continuous,$/bbl
2025-06-10,66.87000274658203,BZ=F,Brent Crude Continuous,$/bbl
2025-06-11,69.7699966430664,BZ=F,Brent Crude Continuous,$/bbl
2025-06-12,69.36000061035156,BZ=F,Brent Crude Continuous,$/bbl
2025-06-13,74.2300033569336,BZ=F,Brent Crude Continuous,$/bbl
2025-06-16,73.2300033569336,BZ=F,Brent Crude Continuous,$/bbl
2025-06-17,76.44999694824219,BZ=F,Brent Crude Continuous,$/bbl
2025-06-18,76.69999694824219,BZ=F,Brent Crude Continuous,$/bbl
2025-06-20,77.01000213623047,BZ=F,Brent Crude Continuous,$/bbl
2025-06-23,71.4800033569336,BZ=F,Brent Crude Continuous,$/bbl
2025-06-24,67.13999938964844,BZ=F,Brent Crude Continuous,$/bbl
2025-06-25,67.68000030517578,BZ=F,Brent Crude Continuous,$/bbl
2025-06-26,67.7300033569336,BZ=F,Brent Crude Continuous,$/bbl
2025-06-27,67.7699966430664,BZ=F,Brent Crude Continuous,$/bbl
2025-06-30,67.61000061035156,BZ=F,Brent Crude Continuous,$/bbl
2025-07-01,67.11000061035156,BZ=F,Brent Crude Continuous,$/bbl
2025-07-02,69.11000061035156,BZ=F,Brent Crude Continuous,$/bbl
2025-07-03,68.80000305175781,BZ=F,Brent Crude Continuous,$/bbl
2025-07-04,68.29000091552734,BZ=F,Brent Crude Continuous,$/bbl
2025-07-07,69.58000183105469,BZ=F,Brent Crude Continuous,$/bbl
2025-07-08,70.1500015258789,BZ=F,Brent Crude Continuous,$/bbl
2025-07-09,70.19000244140625,BZ=F,Brent Crude Continuous,$/bbl
2025-07-10,68.63999938964844,BZ=F,Brent Crude Continuous,$/bbl
2025-07-11,70.36000061035156,BZ=F,Brent Crude Continuous,$/bbl
2025-07-14,69.20999908447266,BZ=F,Brent Crude Continuous,$/bbl
2025-07-15,68.70999908447266,BZ=F,Brent Crude Continuous,$/bbl
2025-07-16,68.5199966430664,BZ=F,Brent Crude Continuous,$/bbl
2025-07-17,69.5199966430664,BZ=F,Brent Crude Continuous,$/bbl
2025-07-18,69.27999877929688,BZ=F,Brent Crude Continuous,$/bbl
2025-07-21,69.20999908447266,BZ=F,Brent Crude Continuous,$/bbl
2025-07-22,68.58999633789062,BZ=F,Brent Crude Continuous,$/bbl
2025-07-23,68.51000213623047,BZ=F,Brent Crude Continuous,$/bbl
2025-07-24,69.18000030517578,BZ=F,Brent Crude Continuous,$/bbl
2025-07-25,68.44000244140625,BZ=F,Brent Crude Continuous,$/bbl
2025-07-28,70.04000091552734,BZ=F,Brent Crude Continuous,$/bbl
2025-07-29,72.51000213623047,BZ=F,Brent Crude Continuous,$/bbl
2025-07-30,73.23999786376953,BZ=F,Brent Crude Continuous,$/bbl
2025-07-31,72.52999877929688,BZ=F,Brent Crude Continuous,$/bbl
2025-08-01,69.66999816894531,BZ=F,Brent Crude Continuous,$/bbl
2025-08-04,68.76000213623047,BZ=F,Brent Crude Continuous,$/bbl
2025-08-05,67.63999938964844,BZ=F,Brent Crude Continuous,$/bbl
2025-08-06,66.88999938964844,BZ=F,Brent Crude Continuous,$/bbl
2025-08-07,66.43000030517578,BZ=F,Brent Crude Continuous,$/bbl
2025-08-08,66.58999633789062,BZ=F,Brent Crude Continuous,$/bbl
2025-08-11,66.62999725341797,BZ=F,Brent Crude Continuous,$/bbl
2025-08-12,66.12000274658203,BZ=F,Brent Crude Continuous,$/bbl
2025-08-13,65.62999725341797,BZ=F,Brent Crude Continuous,$/bbl
2025-08-14,66.83999633789062,BZ=F,Brent Crude Continuous,$/bbl
2025-08-15,65.8499984741211,BZ=F,Brent Crude Continuous,$/bbl
2025-08-18,66.5999984741211,BZ=F,Brent Crude Continuous,$/bbl
2025-08-19,65.79000091552734,BZ=F,Brent Crude Continuous,$/bbl
2025-08-20,66.83999633789062,BZ=F,Brent Crude Continuous,$/bbl
2025-08-21,67.66999816894531,BZ=F,Brent Crude Continuous,$/bbl
2025-08-22,67.7300033569336,BZ=F,Brent Crude Continuous,$/bbl
2025-08-25,68.80000305175781,BZ=F,Brent Crude Continuous,$/bbl
2025-08-26,67.22000122070312,BZ=F,Brent Crude Continuous,$/bbl
2025-08-27,68.05000305175781,BZ=F,Brent Crude Continuous,$/bbl
2025-08-28,68.62000274658203,BZ=F,Brent Crude Continuous,$/bbl
2025-08-29,68.12000274658203,BZ=F,Brent Crude Continuous,$/bbl
2025-09-02,69.13999938964844,BZ=F,Brent Crude Continuous,$/bbl
2025-09-03,67.5999984741211,BZ=F,Brent Crude Continuous,$/bbl
2025-09-04,66.98999786376953,BZ=F,Brent Crude Continuous,$/bbl
2025-09-05,65.5,BZ=F,Brent Crude Continuous,$/bbl
2025-09-08,66.0199966430664,BZ=F,Brent Crude Continuous,$/bbl
2025-09-09,66.38999938964844,BZ=F,Brent Crude Continuous,$/bbl
2025-09-10,67.48999786376953,BZ=F,Brent Crude Continuous,$/bbl
2025-09-11,66.37000274658203,BZ=F,Brent Crude Continuous,$/bbl
2025-09-12,66.98999786376953,BZ=F,Brent Crude Continuous,$/bbl
2025-09-15,67.44000244140625,BZ=F,Brent Crude Continuous,$/bbl
2025-09-16,68.47000122070312,BZ=F,Brent Crude Continuous,$/bbl
2025-09-17,67.94999694824219,BZ=F,Brent Crude Continuous,$/bbl
2025-09-18,67.44000244140625,BZ=F,Brent Crude Continuous,$/bbl
2025-09-19,66.68000030517578,BZ=F,Brent Crude Continuous,$/bbl
2025-09-22,66.56999969482422,BZ=F,Brent Crude Continuous,$/bbl
2025-09-23,67.62999725341797,BZ=F,Brent Crude Continuous,$/bbl
2025-09-24,69.30999755859375,BZ=F,Brent Crude Continuous,$/bbl
2025-09-25,69.41999816894531,BZ=F,Brent Crude Continuous,$/bbl
2025-09-26,70.12999725341797,BZ=F,Brent Crude Continuous,$/bbl
2025-09-29,67.97000122070312,BZ=F,Brent Crude Continuous,$/bbl
2025-09-30,67.0199966430664,BZ=F,Brent Crude Continuous,$/bbl
2025-10-01,65.3499984741211,BZ=F,Brent Crude Continuous,$/bbl
2025-10-02,64.11000061035156,BZ=F,Brent Crude Continuous,$/bbl
2025-10-03,64.52999877929688,BZ=F,Brent Crude Continuous,$/bbl
2025-10-06,65.47000122070312,BZ=F,Brent Crude Continuous,$/bbl
2025-10-07,65.44999694824219,BZ=F,Brent Crude Continuous,$/bbl
2025-10-08,66.25,BZ=F,Brent Crude Continuous,$/bbl
2025-10-09,65.22000122070312,BZ=F,Brent Crude Continuous,$/bbl
2025-10-10,62.72999954223633,BZ=F,Brent Crude Continuous,$/bbl
2025-10-13,63.31999969482422,BZ=F,Brent Crude Continuous,$/bbl
2025-10-14,62.38999938964844,BZ=F,Brent Crude Continuous,$/bbl
2025-10-15,61.90999984741211,BZ=F,Brent Crude Continuous,$/bbl
2025-10-16,61.060001373291016,BZ=F,Brent Crude Continuous,$/bbl
2025-10-17,61.290000915527344,BZ=F,Brent Crude Continuous,$/bbl
2025-10-20,61.0099983215332,BZ=F,Brent Crude Continuous,$/bbl
2025-10-21,61.31999969482422,BZ=F,Brent Crude Continuous,$/bbl
2025-10-22,62.59000015258789,BZ=F,Brent Crude Continuous,$/bbl
2025-10-23,65.98999786376953,BZ=F,Brent Crude Continuous,$/bbl
2025-10-24,65.94000244140625,BZ=F,Brent Crude Continuous,$/bbl
2025-10-27,65.62000274658203,BZ=F,Brent Crude Continuous,$/bbl
2025-10-28,64.4000015258789,BZ=F,Brent Crude Continuous,$/bbl
2025-10-29,64.91999816894531,BZ=F,Brent Crude Continuous,$/bbl
2025-10-30,65.0,BZ=F,Brent Crude Continuous,$/bbl
2025-10-31,65.06999969482422,BZ=F,Brent Crude Continuous,$/bbl
2025-11-03,64.88999938964844,BZ=F,Brent Crude Continuous,$/bbl
2025-11-04,64.44000244140625,BZ=F,Brent Crude Continuous,$/bbl
2025-11-05,63.52000045776367,BZ=F,Brent Crude Continuous,$/bbl
2025-11-06,63.380001068115234,BZ=F,Brent Crude Continuous,$/bbl
2025-11-07,63.630001068115234,BZ=F,Brent Crude Continuous,$/bbl
2025-11-10,64.05999755859375,BZ=F,Brent Crude Continuous,$/bbl
2025-11-11,65.16000366210938,BZ=F,Brent Crude Continuous,$/bbl
2025-11-12,62.709999084472656,BZ=F,Brent Crude Continuous,$/bbl
2025-11-13,63.0099983215332,BZ=F,Brent Crude Continuous,$/bbl
2025-11-14,64.38999938964844,BZ=F,Brent Crude Continuous,$/bbl
2025-11-17,64.19999694824219,BZ=F,Brent Crude Continuous,$/bbl
2025-11-18,64.88999938964844,BZ=F,Brent Crude Continuous,$/bbl
2025-11-19,63.5099983215332,BZ=F,Brent Crude Continuous,$/bbl
2025-11-20,63.380001068115234,BZ=F,Brent Crude Continuous,$/bbl
2025-11-21,62.560001373291016,BZ=F,Brent Crude Continuous,$/bbl
2025-11-24,63.369998931884766,BZ=F,Brent Crude Continuous,$/bbl
2025-11-25,62.47999954223633,BZ=F,Brent Crude Continuous,$/bbl
2025-11-26,63.130001068115234,BZ=F,Brent Crude Continuous,$/bbl
2025-11-28,63.20000076293945,BZ=F,Brent Crude Continuous,$/bbl
2025-12-01,63.16999816894531,BZ=F,Brent Crude Continuous,$/bbl
2025-12-02,62.45000076293945,BZ=F,Brent Crude Continuous,$/bbl
2025-12-03,62.66999816894531,BZ=F,Brent Crude Continuous,$/bbl
2025-12-04,63.2599983215332,BZ=F,Brent Crude Continuous,$/bbl
2025-12-05,63.75,BZ=F,Brent Crude Continuous,$/bbl
2025-12-08,62.4900016784668,BZ=F,Brent Crude Continuous,$/bbl
2025-12-09,61.93999862670898,BZ=F,Brent Crude Continuous,$/bbl
2025-12-10,62.209999084472656,BZ=F,Brent Crude Continuous,$/bbl
2025-12-11,61.27999877929688,BZ=F,Brent Crude Continuous,$/bbl
2025-12-12,61.119998931884766,BZ=F,Brent Crude Continuous,$/bbl
2025-12-15,60.560001373291016,BZ=F,Brent Crude Continuous,$/bbl
2025-12-16,58.91999816894531,BZ=F,Brent Crude Continuous,$/bbl
2025-12-17,59.68000030517578,BZ=F,Brent Crude Continuous,$/bbl
2025-12-18,59.81999969482422,BZ=F,Brent Crude Continuous,$/bbl
2025-12-19,60.470001220703125,BZ=F,Brent Crude Continuous,$/bbl
2025-12-22,62.06999969482422,BZ=F,Brent Crude Continuous,$/bbl
2025-12-23,62.380001068115234,BZ=F,Brent Crude Continuous,$/bbl
2025-12-24,62.2400016784668,BZ=F,Brent Crude Continuous,$/bbl
2025-12-26,60.63999938964844,BZ=F,Brent Crude Continuous,$/bbl
2025-12-29,61.93999862670898,BZ=F,Brent Crude Continuous,$/bbl
2025-12-30,61.91999816894531,BZ=F,Brent Crude Continuous,$/bbl
2025-12-31,60.84999847412109,BZ=F,Brent Crude Continuous,$/bbl
2026-01-02,60.75,BZ=F,Brent Crude Continuous,$/bbl
2026-01-05,61.7599983215332,BZ=F,Brent Crude Continuous,$/bbl
2026-01-06,60.70000076293945,BZ=F,Brent Crude Continuous,$/bbl
2026-01-07,59.959999084472656,BZ=F,Brent Crude Continuous,$/bbl
2026-01-08,61.9900016784668,BZ=F,Brent Crude Continuous,$/bbl
2026-01-09,63.34000015258789,BZ=F,Brent Crude Continuous,$/bbl
2026-01-12,63.869998931884766,BZ=F,Brent Crude Continuous,$/bbl
2026-01-13,65.47000122070312,BZ=F,Brent Crude Continuous,$/bbl
2026-01-14,66.5199966430664,BZ=F,Brent Crude Continuous,$/bbl
2026-01-15,63.7599983215332,BZ=F,Brent Crude Continuous,$/bbl
2026-01-16,64.12999725341797,BZ=F,Brent Crude Continuous,$/bbl
2026-01-20,64.91999816894531,BZ=F,Brent Crude Continuous,$/bbl
2026-01-21,65.23999786376953,BZ=F,Brent Crude Continuous,$/bbl
2026-01-22,64.05999755859375,BZ=F,Brent Crude Continuous,$/bbl
2026-01-23,65.87999725341797,BZ=F,Brent Crude Continuous,$/bbl
2026-01-26,65.58999633789062,BZ=F,Brent Crude Continuous,$/bbl
2026-01-27,67.56999969482422,BZ=F,Brent Crude Continuous,$/bbl
2026-01-28,68.4000015258789,BZ=F,Brent Crude Continuous,$/bbl
2026-01-29,70.70999908447266,BZ=F,Brent Crude Continuous,$/bbl
2026-01-30,70.69000244140625,BZ=F,Brent Crude Continuous,$/bbl
2026-02-02,66.30000305175781,BZ=F,Brent Crude Continuous,$/bbl
2026-02-03,67.33000183105469,BZ=F,Brent Crude Continuous,$/bbl
2026-02-04,69.45999908447266,BZ=F,Brent Crude Continuous,$/bbl
2026-02-05,67.55000305175781,BZ=F,Brent Crude Continuous,$/bbl
2026-02-06,68.05000305175781,BZ=F,Brent Crude Continuous,$/bbl
2026-02-09,69.04000091552734,BZ=F,Brent Crude Continuous,$/bbl
2026-02-10,68.80000305175781,BZ=F,Brent Crude Continuous,$/bbl
2026-02-11,69.4000015258789,BZ=F,Brent Crude Continuous,$/bbl
2026-02-12,67.5199966430664,BZ=F,Brent Crude Continuous,$/bbl
2026-02-13,67.75,BZ=F,Brent Crude Continuous,$/bbl
2026-02-17,67.41999816894531,BZ=F,Brent Crude Continuous,$/bbl
2026-02-18,70.3499984741211,BZ=F,Brent Crude Continuous,$/bbl
2026-02-19,71.66000366210938,BZ=F,Brent Crude Continuous,$/bbl
2026-02-20,71.76000213623047,BZ=F,Brent Crude Continuous,$/bbl
2026-02-23,71.48999786376953,BZ=F,Brent Crude Continuous,$/bbl
2026-02-24,70.7699966430664,BZ=F,Brent Crude Continuous,$/bbl
2026-02-25,70.8499984741211,BZ=F,Brent Crude Continuous,$/bbl
2026-02-26,70.75,BZ=F,Brent Crude Continuous,$/bbl
2026-02-27,72.4800033569336,BZ=F,Brent Crude Continuous,$/bbl
2026-03-02,77.73999786376953,BZ=F,Brent Crude Continuous,$/bbl
2026-03-03,81.4000015258789,BZ=F,Brent Crude Continuous,$/bbl
2026-03-04,81.4000015258789,BZ=F,Brent Crude Continuous,$/bbl
2026-03-05,85.41000366210938,BZ=F,Brent Crude Continuous,$/bbl
2026-03-06,92.69000244140624,BZ=F,Brent Crude Continuous,$/bbl
2026-03-09,98.95999908447266,BZ=F,Brent Crude Continuous,$/bbl
2026-03-10,87.80000305175781,BZ=F,Brent Crude Continuous,$/bbl
2026-03-11,91.9800033569336,BZ=F,Brent Crude Continuous,$/bbl
2026-03-12,100.45999908447266,BZ=F,Brent Crude Continuous,$/bbl
2026-03-13,103.13999938964844,BZ=F,Brent Crude Continuous,$/bbl
2026-03-16,100.20999908447266,BZ=F,Brent Crude Continuous,$/bbl
2026-03-17,103.41999816894533,BZ=F,Brent Crude Continuous,$/bbl
2026-03-18,107.37999725341795,BZ=F,Brent Crude Continuous,$/bbl
2026-03-19,108.6500015258789,BZ=F,Brent Crude Continuous,$/bbl
2026-03-20,112.19000244140624,BZ=F,Brent Crude Continuous,$/bbl
2026-03-23,99.94000244140624,BZ=F,Brent Crude Continuous,$/bbl
2026-03-24,104.48999786376952,BZ=F,Brent Crude Continuous,$/bbl
2026-03-25,102.22000122070312,BZ=F,Brent Crude Continuous,$/bbl
2026-03-26,108.01000213623048,BZ=F,Brent Crude Continuous,$/bbl
2026-03-27,112.56999969482422,BZ=F,Brent Crude Continuous,$/bbl
2026-03-30,112.77999877929688,BZ=F,Brent Crude Continuous,$/bbl
2026-03-31,118.3499984741211,BZ=F,Brent Crude Continuous,$/bbl
2026-04-01,101.16000366210938,BZ=F,Brent Crude Continuous,$/bbl
2026-04-02,109.02999877929688,BZ=F,Brent Crude Continuous,$/bbl
2026-04-06,109.7699966430664,BZ=F,Brent Crude Continuous,$/bbl
2026-04-07,109.2699966430664,BZ=F,Brent Crude Continuous,$/bbl
2026-04-08,94.75,BZ=F,Brent Crude Continuous,$/bbl
2026-04-09,95.91999816894533,BZ=F,Brent Crude Continuous,$/bbl
2026-04-10,95.1999969482422,BZ=F,Brent Crude Continuous,$/bbl
2026-04-13,99.36000061035156,BZ=F,Brent Crude Continuous,$/bbl
2026-04-14,94.79000091552734,BZ=F,Brent Crude Continuous,$/bbl
2026-04-15,94.93000030517578,BZ=F,Brent Crude Continuous,$/bbl
2026-04-16,99.38999938964844,BZ=F,Brent Crude Continuous,$/bbl
2026-04-17,90.37999725341795,BZ=F,Brent Crude Continuous,$/bbl
2026-04-20,95.4800033569336,BZ=F,Brent Crude Continuous,$/bbl
2026-04-21,98.4800033569336,BZ=F,Brent Crude Continuous,$/bbl
2026-04-22,101.91000366210938,BZ=F,Brent Crude Continuous,$/bbl
2026-04-23,105.06999969482422,BZ=F,Brent Crude Continuous,$/bbl
2026-04-24,105.33000183105467,BZ=F,Brent Crude Continuous,$/bbl
2026-04-27,108.2300033569336,BZ=F,Brent Crude Continuous,$/bbl
2026-04-28,111.26000213623048,BZ=F,Brent Crude Continuous,$/bbl
2026-04-29,118.02999877929688,BZ=F,Brent Crude Continuous,$/bbl
2026-04-30,114.01000213623048,BZ=F,Brent Crude Continuous,$/bbl
2026-05-01,108.16999816894533,BZ=F,Brent Crude Continuous,$/bbl
2024-04-22,19.799999237060547,SB=F,NY11 Sugar Continuous,c/lb
2024-04-23,19.90999984741211,SB=F,NY11 Sugar Continuous,c/lb
2024-04-24,20.0,SB=F,NY11 Sugar Continuous,c/lb
2024-04-25,19.479999542236328,SB=F,NY11 Sugar Continuous,c/lb
2024-04-26,19.39999961853028,SB=F,NY11 Sugar Continuous,c/lb
2024-04-29,20.200000762939453,SB=F,NY11 Sugar Continuous,c/lb
2024-04-30,19.709999084472656,SB=F,NY11 Sugar Continuous,c/lb
2024-05-01,19.21999931335449,SB=F,NY11 Sugar Continuous,c/lb
2024-05-02,19.25,SB=F,NY11 Sugar Continuous,c/lb
2024-05-03,19.280000686645508,SB=F,NY11 Sugar Continuous,c/lb
2024-05-06,19.479999542236328,SB=F,NY11 Sugar Continuous,c/lb
2024-05-07,19.950000762939453,SB=F,NY11 Sugar Continuous,c/lb
2024-05-08,19.600000381469727,SB=F,NY11 Sugar Continuous,c/lb
2024-05-09,19.57999992370605,SB=F,NY11 Sugar Continuous,c/lb
2024-05-10,19.299999237060547,SB=F,NY11 Sugar Continuous,c/lb
2024-05-13,18.6299991607666,SB=F,NY11 Sugar Continuous,c/lb
2024-05-14,18.8700008392334,SB=F,NY11 Sugar Continuous,c/lb
2024-05-15,18.64999961853028,SB=F,NY11 Sugar Continuous,c/lb
2024-05-16,18.32999992370605,SB=F,NY11 Sugar Continuous,c/lb
2024-05-17,18.1299991607666,SB=F,NY11 Sugar Continuous,c/lb
2024-05-20,18.68000030517578,SB=F,NY11 Sugar Continuous,c/lb
2024-05-21,18.559999465942383,SB=F,NY11 Sugar Continuous,c/lb
2024-05-22,18.229999542236328,SB=F,NY11 Sugar Continuous,c/lb
2024-05-23,18.26000022888184,SB=F,NY11 Sugar Continuous,c/lb
2024-05-24,18.40999984741211,SB=F,NY11 Sugar Continuous,c/lb
2024-05-28,18.729999542236328,SB=F,NY11 Sugar Continuous,c/lb
2024-05-29,18.350000381469727,SB=F,NY11 Sugar Continuous,c/lb
2024-05-30,18.190000534057617,SB=F,NY11 Sugar Continuous,c/lb
2024-05-31,18.299999237060547,SB=F,NY11 Sugar Continuous,c/lb
2024-06-03,18.780000686645508,SB=F,NY11 Sugar Continuous,c/lb
2024-06-04,18.86000061035156,SB=F,NY11 Sugar Continuous,c/lb
2024-06-05,19.1299991607666,SB=F,NY11 Sugar Continuous,c/lb
2024-06-06,19.21999931335449,SB=F,NY11 Sugar Continuous,c/lb
2024-06-07,19.0,SB=F,NY11 Sugar Continuous,c/lb
2024-06-10,18.6299991607666,SB=F,NY11 Sugar Continuous,c/lb
2024-06-11,18.790000915527344,SB=F,NY11 Sugar Continuous,c/lb
2024-06-12,19.100000381469727,SB=F,NY11 Sugar Continuous,c/lb
2024-06-13,19.59000015258789,SB=F,NY11 Sugar Continuous,c/lb
2024-06-14,19.43000030517578,SB=F,NY11 Sugar Continuous,c/lb
2024-06-17,18.979999542236328,SB=F,NY11 Sugar Continuous,c/lb
2024-06-18,18.920000076293945,SB=F,NY11 Sugar Continuous,c/lb
2024-06-20,18.88999938964844,SB=F,NY11 Sugar Continuous,c/lb
2024-06-21,18.96999931335449,SB=F,NY11 Sugar Continuous,c/lb
2024-06-24,19.40999984741211,SB=F,NY11 Sugar Continuous,c/lb
2024-06-25,19.100000381469727,SB=F,NY11 Sugar Continuous,c/lb
2024-06-26,19.239999771118164,SB=F,NY11 Sugar Continuous,c/lb
2024-06-27,20.1200008392334,SB=F,NY11 Sugar Continuous,c/lb
2024-06-28,20.309999465942383,SB=F,NY11 Sugar Continuous,c/lb
2024-07-01,20.229999542236328,SB=F,NY11 Sugar Continuous,c/lb
2024-07-02,20.61000061035156,SB=F,NY11 Sugar Continuous,c/lb
2024-07-03,20.530000686645508,SB=F,NY11 Sugar Continuous,c/lb
2024-07-05,20.13999938964844,SB=F,NY11 Sugar Continuous,c/lb
2024-07-08,20.1299991607666,SB=F,NY11 Sugar Continuous,c/lb
2024-07-09,19.6200008392334,SB=F,NY11 Sugar Continuous,c/lb
2024-07-10,19.809999465942383,SB=F,NY11 Sugar Continuous,c/lb
2024-07-11,19.43000030517578,SB=F,NY11 Sugar Continuous,c/lb
2024-07-12,19.200000762939453,SB=F,NY11 Sugar Continuous,c/lb
2024-07-15,19.76000022888184,SB=F,NY11 Sugar Continuous,c/lb
2024-07-16,19.6200008392334,SB=F,NY11 Sugar Continuous,c/lb
2024-07-17,19.36000061035156,SB=F,NY11 Sugar Continuous,c/lb
2024-07-18,18.940000534057617,SB=F,NY11 Sugar Continuous,c/lb
2024-07-19,18.65999984741211,SB=F,NY11 Sugar Continuous,c/lb
2024-07-22,18.299999237060547,SB=F,NY11 Sugar Continuous,c/lb
2024-07-23,18.15999984741211,SB=F,NY11 Sugar Continuous,c/lb
2024-07-24,17.90999984741211,SB=F,NY11 Sugar Continuous,c/lb
2024-07-25,18.65999984741211,SB=F,NY11 Sugar Continuous,c/lb
2024-07-26,18.420000076293945,SB=F,NY11 Sugar Continuous,c/lb
2024-07-29,19.01000022888184,SB=F,NY11 Sugar Continuous,c/lb
2024-07-30,19.1200008392334,SB=F,NY11 Sugar Continuous,c/lb
2024-07-31,18.940000534057617,SB=F,NY11 Sugar Continuous,c/lb
2024-08-01,18.5,SB=F,NY11 Sugar Continuous,c/lb
2024-08-02,18.100000381469727,SB=F,NY11 Sugar Continuous,c/lb
2024-08-05,18.07999992370605,SB=F,NY11 Sugar Continuous,c/lb
2024-08-06,17.8700008392334,SB=F,NY11 Sugar Continuous,c/lb
2024-08-07,18.13999938964844,SB=F,NY11 Sugar Continuous,c/lb
2024-08-08,18.56999969482422,SB=F,NY11 Sugar Continuous,c/lb
2024-08-09,18.479999542236328,SB=F,NY11 Sugar Continuous,c/lb
2024-08-12,18.290000915527344,SB=F,NY11 Sugar Continuous,c/lb
2024-08-13,18.38999938964844,SB=F,NY11 Sugar Continuous,c/lb
2024-08-14,17.969999313354492,SB=F,NY11 Sugar Continuous,c/lb
2024-08-15,17.8799991607666,SB=F,NY11 Sugar Continuous,c/lb
2024-08-16,18.030000686645508,SB=F,NY11 Sugar Continuous,c/lb
2024-08-19,18.020000457763672,SB=F,NY11 Sugar Continuous,c/lb
2024-08-20,17.56999969482422,SB=F,NY11 Sugar Continuous,c/lb
2024-08-21,17.649999618530273,SB=F,NY11 Sugar Continuous,c/lb
2024-08-22,17.850000381469727,SB=F,NY11 Sugar Continuous,c/lb
2024-08-23,18.38999938964844,SB=F,NY11 Sugar Continuous,c/lb
2024-08-26,19.040000915527344,SB=F,NY11 Sugar Continuous,c/lb
2024-08-27,19.600000381469727,SB=F,NY11 Sugar Continuous,c/lb
2024-08-28,19.540000915527344,SB=F,NY11 Sugar Continuous,c/lb
2024-08-29,19.88999938964844,SB=F,NY11 Sugar Continuous,c/lb
2024-08-30,19.3799991607666,SB=F,NY11 Sugar Continuous,c/lb
2024-09-03,19.489999771118164,SB=F,NY11 Sugar Continuous,c/lb
2024-09-04,19.239999771118164,SB=F,NY11 Sugar Continuous,c/lb
2024-09-05,19.21999931335449,SB=F,NY11 Sugar Continuous,c/lb
2024-09-06,18.90999984741211,SB=F,NY11 Sugar Continuous,c/lb
2024-09-09,18.82999992370605,SB=F,NY11 Sugar Continuous,c/lb
2024-09-10,18.46999931335449,SB=F,NY11 Sugar Continuous,c/lb
2024-09-11,18.729999542236328,SB=F,NY11 Sugar Continuous,c/lb
2024-09-12,19.06999969482422,SB=F,NY11 Sugar Continuous,c/lb
2024-09-13,19.01000022888184,SB=F,NY11 Sugar Continuous,c/lb
2024-09-16,19.18000030517578,SB=F,NY11 Sugar Continuous,c/lb
2024-09-17,19.979999542236328,SB=F,NY11 Sugar Continuous,c/lb
2024-09-18,21.15999984741211,SB=F,NY11 Sugar Continuous,c/lb
2024-09-19,21.93000030517578,SB=F,NY11 Sugar Continuous,c/lb
2024-09-20,22.65999984741211,SB=F,NY11 Sugar Continuous,c/lb
2024-09-23,22.549999237060547,SB=F,NY11 Sugar Continuous,c/lb
2024-09-24,23.1200008392334,SB=F,NY11 Sugar Continuous,c/lb
2024-09-25,23.420000076293945,SB=F,NY11 Sugar Continuous,c/lb
2024-09-26,23.309999465942383,SB=F,NY11 Sugar Continuous,c/lb
2024-09-27,22.790000915527344,SB=F,NY11 Sugar Continuous,c/lb
2024-09-30,22.670000076293945,SB=F,NY11 Sugar Continuous,c/lb
2024-10-01,22.96999931335449,SB=F,NY11 Sugar Continuous,c/lb
2024-10-02,22.68000030517578,SB=F,NY11 Sugar Continuous,c/lb
2024-10-03,23.239999771118164,SB=F,NY11 Sugar Continuous,c/lb
2024-10-04,23.01000022888184,SB=F,NY11 Sugar Continuous,c/lb
2024-10-07,22.549999237060547,SB=F,NY11 Sugar Continuous,c/lb
2024-10-08,22.489999771118164,SB=F,NY11 Sugar Continuous,c/lb
2024-10-09,22.040000915527344,SB=F,NY11 Sugar Continuous,c/lb
2024-10-10,22.15999984741211,SB=F,NY11 Sugar Continuous,c/lb
2024-10-11,22.239999771118164,SB=F,NY11 Sugar Continuous,c/lb
2024-10-14,22.38999938964844,SB=F,NY11 Sugar Continuous,c/lb
2024-10-15,22.81999969482422,SB=F,NY11 Sugar Continuous,c/lb
2024-10-16,22.0,SB=F,NY11 Sugar Continuous,c/lb
2024-10-17,22.15999984741211,SB=F,NY11 Sugar Continuous,c/lb
2024-10-18,22.18000030517578,SB=F,NY11 Sugar Continuous,c/lb
2024-10-21,21.82999992370605,SB=F,NY11 Sugar Continuous,c/lb
2024-10-22,21.729999542236328,SB=F,NY11 Sugar Continuous,c/lb
2024-10-23,22.34000015258789,SB=F,NY11 Sugar Continuous,c/lb
2024-10-24,22.200000762939453,SB=F,NY11 Sugar Continuous,c/lb
2024-10-25,22.13999938964844,SB=F,NY11 Sugar Continuous,c/lb
2024-10-28,21.959999084472656,SB=F,NY11 Sugar Continuous,c/lb
2024-10-29,22.07999992370605,SB=F,NY11 Sugar Continuous,c/lb
2024-10-30,22.21999931335449,SB=F,NY11 Sugar Continuous,c/lb
2024-10-31,22.739999771118164,SB=F,NY11 Sugar Continuous,c/lb
2024-11-01,22.06999969482422,SB=F,NY11 Sugar Continuous,c/lb
2024-11-04,21.93000030517578,SB=F,NY11 Sugar Continuous,c/lb
2024-11-05,21.89999961853028,SB=F,NY11 Sugar Continuous,c/lb
2024-11-06,22.030000686645508,SB=F,NY11 Sugar Continuous,c/lb
2024-11-07,22.200000762939453,SB=F,NY11 Sugar Continuous,c/lb
2024-11-08,21.81999969482422,SB=F,NY11 Sugar Continuous,c/lb
2024-11-11,21.36000061035156,SB=F,NY11 Sugar Continuous,c/lb
2024-11-12,21.350000381469727,SB=F,NY11 Sugar Continuous,c/lb
2024-11-13,21.170000076293945,SB=F,NY11 Sugar Continuous,c/lb
2024-11-14,21.559999465942383,SB=F,NY11 Sugar Continuous,c/lb
2024-11-15,21.57999992370605,SB=F,NY11 Sugar Continuous,c/lb
2024-11-18,22.200000762939453,SB=F,NY11 Sugar Continuous,c/lb
2024-11-19,22.020000457763672,SB=F,NY11 Sugar Continuous,c/lb
2024-11-20,21.64999961853028,SB=F,NY11 Sugar Continuous,c/lb
2024-11-21,21.3799991607666,SB=F,NY11 Sugar Continuous,c/lb
2024-11-22,21.36000061035156,SB=F,NY11 Sugar Continuous,c/lb
2024-11-25,21.14999961853028,SB=F,NY11 Sugar Continuous,c/lb
2024-11-26,21.56999969482422,SB=F,NY11 Sugar Continuous,c/lb
2024-11-27,21.690000534057617,SB=F,NY11 Sugar Continuous,c/lb
2024-11-29,21.07999992370605,SB=F,NY11 Sugar Continuous,c/lb
2024-12-02,21.06999969482422,SB=F,NY11 Sugar Continuous,c/lb
2024-12-03,21.3700008392334,SB=F,NY11 Sugar Continuous,c/lb
2024-12-04,21.26000022888184,SB=F,NY11 Sugar Continuous,c/lb
2024-12-05,21.200000762939453,SB=F,NY11 Sugar Continuous,c/lb
2024-12-06,21.809999465942383,SB=F,NY11 Sugar Continuous,c/lb
2024-12-09,21.5,SB=F,NY11 Sugar Continuous,c/lb
2024-12-10,21.040000915527344,SB=F,NY11 Sugar Continuous,c/lb
2024-12-11,21.280000686645508,SB=F,NY11 Sugar Continuous,c/lb
2024-12-12,20.88999938964844,SB=F,NY11 Sugar Continuous,c/lb
2024-12-13,20.71999931335449,SB=F,NY11 Sugar Continuous,c/lb
2024-12-16,20.68000030517578,SB=F,NY11 Sugar Continuous,c/lb
2024-12-17,19.84000015258789,SB=F,NY11 Sugar Continuous,c/lb
2024-12-18,19.64999961853028,SB=F,NY11 Sugar Continuous,c/lb
2024-12-19,19.39999961853028,SB=F,NY11 Sugar Continuous,c/lb
2024-12-20,19.51000022888184,SB=F,NY11 Sugar Continuous,c/lb
2024-12-23,19.540000915527344,SB=F,NY11 Sugar Continuous,c/lb
2024-12-24,19.540000915527344,SB=F,NY11 Sugar Continuous,c/lb
2024-12-26,19.26000022888184,SB=F,NY11 Sugar Continuous,c/lb
2024-12-27,19.3700008392334,SB=F,NY11 Sugar Continuous,c/lb
2024-12-30,19.1299991607666,SB=F,NY11 Sugar Continuous,c/lb
2024-12-31,19.26000022888184,SB=F,NY11 Sugar Continuous,c/lb
2025-01-02,19.729999542236328,SB=F,NY11 Sugar Continuous,c/lb
2025-01-03,19.64999961853028,SB=F,NY11 Sugar Continuous,c/lb
2025-01-06,19.32999992370605,SB=F,NY11 Sugar Continuous,c/lb
2025-01-07,19.450000762939453,SB=F,NY11 Sugar Continuous,c/lb
2025-01-08,19.239999771118164,SB=F,NY11 Sugar Continuous,c/lb
2025-01-09,19.100000381469727,SB=F,NY11 Sugar Continuous,c/lb
2025-01-10,19.21999931335449,SB=F,NY11 Sugar Continuous,c/lb
2025-01-13,18.89999961853028,SB=F,NY11 Sugar Continuous,c/lb
2025-01-14,18.31999969482422,SB=F,NY11 Sugar Continuous,c/lb
2025-01-15,18.010000228881836,SB=F,NY11 Sugar Continuous,c/lb
2025-01-16,18.40999984741211,SB=F,NY11 Sugar Continuous,c/lb
2025-01-17,18.21999931335449,SB=F,NY11 Sugar Continuous,c/lb
2025-01-21,17.790000915527344,SB=F,NY11 Sugar Continuous,c/lb
2025-01-22,18.15999984741211,SB=F,NY11 Sugar Continuous,c/lb
2025-01-23,18.690000534057617,SB=F,NY11 Sugar Continuous,c/lb
2025-01-24,19.020000457763672,SB=F,NY11 Sugar Continuous,c/lb
2025-01-27,19.170000076293945,SB=F,NY11 Sugar Continuous,c/lb
2025-01-28,19.229999542236328,SB=F,NY11 Sugar Continuous,c/lb
2025-01-29,19.450000762939453,SB=F,NY11 Sugar Continuous,c/lb
2025-01-30,19.46999931335449,SB=F,NY11 Sugar Continuous,c/lb
2025-01-31,19.350000381469727,SB=F,NY11 Sugar Continuous,c/lb
2025-02-03,19.26000022888184,SB=F,NY11 Sugar Continuous,c/lb
2025-02-04,19.65999984741211,SB=F,NY11 Sugar Continuous,c/lb
2025-02-05,19.76000022888184,SB=F,NY11 Sugar Continuous,c/lb
2025-02-06,19.56999969482422,SB=F,NY11 Sugar Continuous,c/lb
2025-02-07,19.36000061035156,SB=F,NY11 Sugar Continuous,c/lb
2025-02-10,19.5,SB=F,NY11 Sugar Continuous,c/lb
2025-02-11,19.8700008392334,SB=F,NY11 Sugar Continuous,c/lb
2025-02-12,19.76000022888184,SB=F,NY11 Sugar Continuous,c/lb
2025-02-13,20.170000076293945,SB=F,NY11 Sugar Continuous,c/lb
2025-02-14,20.420000076293945,SB=F,NY11 Sugar Continuous,c/lb
2025-02-18,20.520000457763672,SB=F,NY11 Sugar Continuous,c/lb
2025-02-19,20.690000534057617,SB=F,NY11 Sugar Continuous,c/lb
2025-02-20,21.049999237060547,SB=F,NY11 Sugar Continuous,c/lb
2025-02-21,21.309999465942383,SB=F,NY11 Sugar Continuous,c/lb
2025-02-24,21.09000015258789,SB=F,NY11 Sugar Continuous,c/lb
2025-02-25,21.459999084472656,SB=F,NY11 Sugar Continuous,c/lb
2025-02-26,20.63999938964844,SB=F,NY11 Sugar Continuous,c/lb
2025-02-27,19.690000534057617,SB=F,NY11 Sugar Continuous,c/lb
2025-02-28,19.51000022888184,SB=F,NY11 Sugar Continuous,c/lb
2025-03-03,18.21999931335449,SB=F,NY11 Sugar Continuous,c/lb
2025-03-04,18.100000381469727,SB=F,NY11 Sugar Continuous,c/lb
2025-03-05,18.200000762939453,SB=F,NY11 Sugar Continuous,c/lb
2025-03-06,18.1299991607666,SB=F,NY11 Sugar Continuous,c/lb
2025-03-07,18.309999465942383,SB=F,NY11 Sugar Continuous,c/lb
2025-03-10,18.850000381469727,SB=F,NY11 Sugar Continuous,c/lb
2025-03-11,18.670000076293945,SB=F,NY11 Sugar Continuous,c/lb
2025-03-12,18.86000061035156,SB=F,NY11 Sugar Continuous,c/lb
2025-03-13,19.25,SB=F,NY11 Sugar Continuous,c/lb
2025-03-14,19.190000534057617,SB=F,NY11 Sugar Continuous,c/lb
2025-03-17,19.96999931335449,SB=F,NY11 Sugar Continuous,c/lb
2025-03-18,19.989999771118164,SB=F,NY11 Sugar Continuous,c/lb
2025-03-19,19.690000534057617,SB=F,NY11 Sugar Continuous,c/lb
2025-03-20,20.0,SB=F,NY11 Sugar Continuous,c/lb
2025-03-21,19.71999931335449,SB=F,NY11 Sugar Continuous,c/lb
2025-03-24,19.26000022888184,SB=F,NY11 Sugar Continuous,c/lb
2025-03-25,19.51000022888184,SB=F,NY11 Sugar Continuous,c/lb
2025-03-26,19.350000381469727,SB=F,NY11 Sugar Continuous,c/lb
2025-03-27,19.09000015258789,SB=F,NY11 Sugar Continuous,c/lb
2025-03-28,18.959999084472656,SB=F,NY11 Sugar Continuous,c/lb
2025-03-31,18.86000061035156,SB=F,NY11 Sugar Continuous,c/lb
2025-04-01,19.350000381469727,SB=F,NY11 Sugar Continuous,c/lb
2025-04-02,19.59000015258789,SB=F,NY11 Sugar Continuous,c/lb
2025-04-03,19.11000061035156,SB=F,NY11 Sugar Continuous,c/lb
2025-04-04,18.84000015258789,SB=F,NY11 Sugar Continuous,c/lb
2025-04-07,18.68000030517578,SB=F,NY11 Sugar Continuous,c/lb
2025-04-08,18.309999465942383,SB=F,NY11 Sugar Continuous,c/lb
2025-04-09,17.90999984741211,SB=F,NY11 Sugar Continuous,c/lb
2025-04-10,18.1200008392334,SB=F,NY11 Sugar Continuous,c/lb
2025-04-11,18.0,SB=F,NY11 Sugar Continuous,c/lb
2025-04-14,17.8700008392334,SB=F,NY11 Sugar Continuous,c/lb
2025-04-15,17.520000457763672,SB=F,NY11 Sugar Continuous,c/lb
2025-04-16,17.860000610351562,SB=F,NY11 Sugar Continuous,c/lb
2025-04-17,17.93000030517578,SB=F,NY11 Sugar Continuous,c/lb
2025-04-21,17.809999465942383,SB=F,NY11 Sugar Continuous,c/lb
2025-04-22,17.989999771118164,SB=F,NY11 Sugar Continuous,c/lb
2025-04-23,17.940000534057617,SB=F,NY11 Sugar Continuous,c/lb
2025-04-24,17.920000076293945,SB=F,NY11 Sugar Continuous,c/lb
2025-04-25,18.18000030517578,SB=F,NY11 Sugar Continuous,c/lb
2025-04-28,17.84000015258789,SB=F,NY11 Sugar Continuous,c/lb
2025-04-29,17.6200008392334,SB=F,NY11 Sugar Continuous,c/lb
2025-04-30,17.459999084472656,SB=F,NY11 Sugar Continuous,c/lb
2025-05-01,17.15999984741211,SB=F,NY11 Sugar Continuous,c/lb
2025-05-02,17.200000762939453,SB=F,NY11 Sugar Continuous,c/lb
2025-05-05,17.469999313354492,SB=F,NY11 Sugar Continuous,c/lb
2025-05-06,17.440000534057617,SB=F,NY11 Sugar Continuous,c/lb
2025-05-07,17.1299991607666,SB=F,NY11 Sugar Continuous,c/lb
2025-05-08,17.5,SB=F,NY11 Sugar Continuous,c/lb
2025-05-09,17.780000686645508,SB=F,NY11 Sugar Continuous,c/lb
2025-05-12,17.700000762939453,SB=F,NY11 Sugar Continuous,c/lb
2025-05-13,18.21999931335449,SB=F,NY11 Sugar Continuous,c/lb
2025-05-14,18.059999465942383,SB=F,NY11 Sugar Continuous,c/lb
2025-05-15,17.670000076293945,SB=F,NY11 Sugar Continuous,c/lb
2025-05-16,17.520000457763672,SB=F,NY11 Sugar Continuous,c/lb
2025-05-19,17.450000762939453,SB=F,NY11 Sugar Continuous,c/lb
2025-05-20,17.34000015258789,SB=F,NY11 Sugar Continuous,c/lb
2025-05-21,17.700000762939453,SB=F,NY11 Sugar Continuous,c/lb
2025-05-22,17.399999618530273,SB=F,NY11 Sugar Continuous,c/lb
2025-05-23,17.290000915527344,SB=F,NY11 Sugar Continuous,c/lb
2025-05-27,17.219999313354492,SB=F,NY11 Sugar Continuous,c/lb
2025-05-28,16.899999618530273,SB=F,NY11 Sugar Continuous,c/lb
2025-05-29,17.0,SB=F,NY11 Sugar Continuous,c/lb
2025-05-30,17.049999237060547,SB=F,NY11 Sugar Continuous,c/lb
2025-06-02,16.8799991607666,SB=F,NY11 Sugar Continuous,c/lb
2025-06-03,16.899999618530273,SB=F,NY11 Sugar Continuous,c/lb
2025-06-04,16.75,SB=F,NY11 Sugar Continuous,c/lb
2025-06-05,16.56999969482422,SB=F,NY11 Sugar Continuous,c/lb
2025-06-06,16.489999771118164,SB=F,NY11 Sugar Continuous,c/lb
2025-06-09,16.670000076293945,SB=F,NY11 Sugar Continuous,c/lb
2025-06-10,16.479999542236328,SB=F,NY11 Sugar Continuous,c/lb
2025-06-11,16.420000076293945,SB=F,NY11 Sugar Continuous,c/lb
2025-06-12,16.270000457763672,SB=F,NY11 Sugar Continuous,c/lb
2025-06-13,16.1299991607666,SB=F,NY11 Sugar Continuous,c/lb
2025-06-16,16.520000457763672,SB=F,NY11 Sugar Continuous,c/lb
2025-06-17,16.079999923706055,SB=F,NY11 Sugar Continuous,c/lb
2025-06-18,15.880000114440918,SB=F,NY11 Sugar Continuous,c/lb
2025-06-20,16.100000381469727,SB=F,NY11 Sugar Continuous,c/lb
2025-06-23,16.040000915527344,SB=F,NY11 Sugar Continuous,c/lb
2025-06-24,15.770000457763672,SB=F,NY11 Sugar Continuous,c/lb
2025-06-25,15.979999542236328,SB=F,NY11 Sugar Continuous,c/lb
2025-06-26,15.649999618530272,SB=F,NY11 Sugar Continuous,c/lb
2025-06-27,15.8100004196167,SB=F,NY11 Sugar Continuous,c/lb
2025-06-30,15.479999542236328,SB=F,NY11 Sugar Continuous,c/lb
2025-07-01,15.699999809265137,SB=F,NY11 Sugar Continuous,c/lb
2025-07-02,15.579999923706056,SB=F,NY11 Sugar Continuous,c/lb
2025-07-03,16.3799991607666,SB=F,NY11 Sugar Continuous,c/lb
2025-07-04,16.3799991607666,SB=F,NY11 Sugar Continuous,c/lb
2025-07-07,16.280000686645508,SB=F,NY11 Sugar Continuous,c/lb
2025-07-08,16.1299991607666,SB=F,NY11 Sugar Continuous,c/lb
2025-07-09,16.559999465942383,SB=F,NY11 Sugar Continuous,c/lb
2025-07-10,16.260000228881836,SB=F,NY11 Sugar Continuous,c/lb
2025-07-11,16.56999969482422,SB=F,NY11 Sugar Continuous,c/lb
2025-07-14,16.299999237060547,SB=F,NY11 Sugar Continuous,c/lb
2025-07-15,16.559999465942383,SB=F,NY11 Sugar Continuous,c/lb
2025-07-16,16.559999465942383,SB=F,NY11 Sugar Continuous,c/lb
2025-07-17,16.739999771118164,SB=F,NY11 Sugar Continuous,c/lb
2025-07-18,16.81999969482422,SB=F,NY11 Sugar Continuous,c/lb
2025-07-21,16.3700008392334,SB=F,NY11 Sugar Continuous,c/lb
2025-07-22,16.280000686645508,SB=F,NY11 Sugar Continuous,c/lb
2025-07-23,16.239999771118164,SB=F,NY11 Sugar Continuous,c/lb
2025-07-24,16.56999969482422,SB=F,NY11 Sugar Continuous,c/lb
2025-07-25,16.290000915527344,SB=F,NY11 Sugar Continuous,c/lb
2025-07-28,16.43000030517578,SB=F,NY11 Sugar Continuous,c/lb
2025-07-29,16.59000015258789,SB=F,NY11 Sugar Continuous,c/lb
2025-07-30,16.450000762939453,SB=F,NY11 Sugar Continuous,c/lb
2025-07-31,16.350000381469727,SB=F,NY11 Sugar Continuous,c/lb
2025-08-01,16.18000030517578,SB=F,NY11 Sugar Continuous,c/lb
2025-08-04,16.25,SB=F,NY11 Sugar Continuous,c/lb
2025-08-05,16.09000015258789,SB=F,NY11 Sugar Continuous,c/lb
2025-08-06,16.010000228881836,SB=F,NY11 Sugar Continuous,c/lb
2025-08-07,16.010000228881836,SB=F,NY11 Sugar Continuous,c/lb
2025-08-08,16.25,SB=F,NY11 Sugar Continuous,c/lb
2025-08-11,16.489999771118164,SB=F,NY11 Sugar Continuous,c/lb
2025-08-12,16.940000534057617,SB=F,NY11 Sugar Continuous,c/lb
2025-08-13,16.850000381469727,SB=F,NY11 Sugar Continuous,c/lb
2025-08-14,16.579999923706055,SB=F,NY11 Sugar Continuous,c/lb
2025-08-15,16.440000534057617,SB=F,NY11 Sugar Continuous,c/lb
2025-08-18,16.25,SB=F,NY11 Sugar Continuous,c/lb
2025-08-19,16.309999465942383,SB=F,NY11 Sugar Continuous,c/lb
2025-08-20,16.56999969482422,SB=F,NY11 Sugar Continuous,c/lb
2025-08-21,16.350000381469727,SB=F,NY11 Sugar Continuous,c/lb
2025-08-22,16.479999542236328,SB=F,NY11 Sugar Continuous,c/lb
2025-08-25,16.399999618530273,SB=F,NY11 Sugar Continuous,c/lb
2025-08-26,16.40999984741211,SB=F,NY11 Sugar Continuous,c/lb
2025-08-27,16.469999313354492,SB=F,NY11 Sugar Continuous,c/lb
2025-08-28,16.479999542236328,SB=F,NY11 Sugar Continuous,c/lb
2025-08-29,16.3700008392334,SB=F,NY11 Sugar Continuous,c/lb
2025-09-02,16.149999618530273,SB=F,NY11 Sugar Continuous,c/lb
2025-09-03,16.030000686645508,SB=F,NY11 Sugar Continuous,c/lb
2025-09-04,15.6899995803833,SB=F,NY11 Sugar Continuous,c/lb
2025-09-05,15.550000190734863,SB=F,NY11 Sugar Continuous,c/lb
2025-09-08,15.630000114440918,SB=F,NY11 Sugar Continuous,c/lb
2025-09-09,15.84000015258789,SB=F,NY11 Sugar Continuous,c/lb
2025-09-10,15.93000030517578,SB=F,NY11 Sugar Continuous,c/lb
2025-09-11,15.81999969482422,SB=F,NY11 Sugar Continuous,c/lb
2025-09-12,15.789999961853027,SB=F,NY11 Sugar Continuous,c/lb
2025-09-15,16.0,SB=F,NY11 Sugar Continuous,c/lb
2025-09-16,15.899999618530272,SB=F,NY11 Sugar Continuous,c/lb
2025-09-17,15.539999961853027,SB=F,NY11 Sugar Continuous,c/lb
2025-09-18,15.380000114440918,SB=F,NY11 Sugar Continuous,c/lb
2025-09-19,15.460000038146973,SB=F,NY11 Sugar Continuous,c/lb
2025-09-22,15.25,SB=F,NY11 Sugar Continuous,c/lb
2025-09-23,15.65999984741211,SB=F,NY11 Sugar Continuous,c/lb
2025-09-24,15.640000343322754,SB=F,NY11 Sugar Continuous,c/lb
2025-09-25,15.760000228881836,SB=F,NY11 Sugar Continuous,c/lb
2025-09-26,15.869999885559082,SB=F,NY11 Sugar Continuous,c/lb
2025-09-29,16.020000457763672,SB=F,NY11 Sugar Continuous,c/lb
2025-09-30,16.100000381469727,SB=F,NY11 Sugar Continuous,c/lb
2025-10-01,16.1299991607666,SB=F,NY11 Sugar Continuous,c/lb
2025-10-02,16.399999618530273,SB=F,NY11 Sugar Continuous,c/lb
2025-10-03,16.469999313354492,SB=F,NY11 Sugar Continuous,c/lb
2025-10-06,16.809999465942383,SB=F,NY11 Sugar Continuous,c/lb
2025-10-07,16.6299991607666,SB=F,NY11 Sugar Continuous,c/lb
2025-10-08,16.290000915527344,SB=F,NY11 Sugar Continuous,c/lb
2025-10-09,16.260000228881836,SB=F,NY11 Sugar Continuous,c/lb
2025-10-10,16.100000381469727,SB=F,NY11 Sugar Continuous,c/lb
2025-10-13,15.609999656677246,SB=F,NY11 Sugar Continuous,c/lb
2025-10-14,15.880000114440918,SB=F,NY11 Sugar Continuous,c/lb
2025-10-15,15.6899995803833,SB=F,NY11 Sugar Continuous,c/lb
2025-10-16,15.800000190734863,SB=F,NY11 Sugar Continuous,c/lb
2025-10-17,15.5,SB=F,NY11 Sugar Continuous,c/lb
2025-10-20,15.720000267028809,SB=F,NY11 Sugar Continuous,c/lb
2025-10-21,15.239999771118164,SB=F,NY11 Sugar Continuous,c/lb
2025-10-22,15.100000381469728,SB=F,NY11 Sugar Continuous,c/lb
2025-10-23,15.289999961853027,SB=F,NY11 Sugar Continuous,c/lb
2025-10-24,14.970000267028809,SB=F,NY11 Sugar Continuous,c/lb
2025-10-27,14.460000038146973,SB=F,NY11 Sugar Continuous,c/lb
2025-10-28,14.369999885559082,SB=F,NY11 Sugar Continuous,c/lb
2025-10-29,14.420000076293944,SB=F,NY11 Sugar Continuous,c/lb
2025-10-30,14.279999732971191,SB=F,NY11 Sugar Continuous,c/lb
2025-10-31,14.43000030517578,SB=F,NY11 Sugar Continuous,c/lb
2025-11-03,14.649999618530272,SB=F,NY11 Sugar Continuous,c/lb
2025-11-04,14.220000267028809,SB=F,NY11 Sugar Continuous,c/lb
2025-11-05,14.109999656677246,SB=F,NY11 Sugar Continuous,c/lb
2025-11-06,14.1899995803833,SB=F,NY11 Sugar Continuous,c/lb
2025-11-07,14.100000381469728,SB=F,NY11 Sugar Continuous,c/lb
2025-11-10,14.199999809265137,SB=F,NY11 Sugar Continuous,c/lb
2025-11-11,14.25,SB=F,NY11 Sugar Continuous,c/lb
2025-11-12,14.520000457763672,SB=F,NY11 Sugar Continuous,c/lb
2025-11-13,14.4399995803833,SB=F,NY11 Sugar Continuous,c/lb
2025-11-14,14.960000038146973,SB=F,NY11 Sugar Continuous,c/lb
2025-11-17,14.800000190734863,SB=F,NY11 Sugar Continuous,c/lb
2025-11-18,14.699999809265137,SB=F,NY11 Sugar Continuous,c/lb
2025-11-19,14.65999984741211,SB=F,NY11 Sugar Continuous,c/lb
2025-11-20,14.65999984741211,SB=F,NY11 Sugar Continuous,c/lb
2025-11-21,14.779999732971191,SB=F,NY11 Sugar Continuous,c/lb
2025-11-24,14.81999969482422,SB=F,NY11 Sugar Continuous,c/lb
2025-11-25,14.90999984741211,SB=F,NY11 Sugar Continuous,c/lb
2025-11-26,15.140000343322754,SB=F,NY11 Sugar Continuous,c/lb
2025-11-28,15.210000038146973,SB=F,NY11 Sugar Continuous,c/lb
2025-12-01,14.760000228881836,SB=F,NY11 Sugar Continuous,c/lb
2025-12-02,14.979999542236328,SB=F,NY11 Sugar Continuous,c/lb
2025-12-03,14.93000030517578,SB=F,NY11 Sugar Continuous,c/lb
2025-12-04,14.880000114440918,SB=F,NY11 Sugar Continuous,c/lb
2025-12-05,14.800000190734863,SB=F,NY11 Sugar Continuous,c/lb
2025-12-08,14.81999969482422,SB=F,NY11 Sugar Continuous,c/lb
2025-12-09,14.670000076293944,SB=F,NY11 Sugar Continuous,c/lb
2025-12-10,14.90999984741211,SB=F,NY11 Sugar Continuous,c/lb
2025-12-11,14.850000381469728,SB=F,NY11 Sugar Continuous,c/lb
2025-12-12,15.100000381469728,SB=F,NY11 Sugar Continuous,c/lb
2025-12-15,14.949999809265137,SB=F,NY11 Sugar Continuous,c/lb
2025-12-16,14.81999969482422,SB=F,NY11 Sugar Continuous,c/lb
2025-12-17,14.760000228881836,SB=F,NY11 Sugar Continuous,c/lb
2025-12-18,14.479999542236328,SB=F,NY11 Sugar Continuous,c/lb
2025-12-19,14.81999969482422,SB=F,NY11 Sugar Continuous,c/lb
2025-12-22,14.989999771118164,SB=F,NY11 Sugar Continuous,c/lb
2025-12-23,15.199999809265137,SB=F,NY11 Sugar Continuous,c/lb
2025-12-24,15.289999961853027,SB=F,NY11 Sugar Continuous,c/lb
2025-12-26,15.170000076293944,SB=F,NY11 Sugar Continuous,c/lb
2025-12-29,15.260000228881836,SB=F,NY11 Sugar Continuous,c/lb
2025-12-30,14.84000015258789,SB=F,NY11 Sugar Continuous,c/lb
2025-12-31,15.010000228881836,SB=F,NY11 Sugar Continuous,c/lb
2026-01-02,14.600000381469728,SB=F,NY11 Sugar Continuous,c/lb
2026-01-05,14.729999542236328,SB=F,NY11 Sugar Continuous,c/lb
2026-01-06,14.760000228881836,SB=F,NY11 Sugar Continuous,c/lb
2026-01-07,14.979999542236328,SB=F,NY11 Sugar Continuous,c/lb
2026-01-08,14.970000267028809,SB=F,NY11 Sugar Continuous,c/lb
2026-01-09,14.890000343322754,SB=F,NY11 Sugar Continuous,c/lb
2026-01-12,14.84000015258789,SB=F,NY11 Sugar Continuous,c/lb
2026-01-13,14.890000343322754,SB=F,NY11 Sugar Continuous,c/lb
2026-01-14,14.68000030517578,SB=F,NY11 Sugar Continuous,c/lb
2026-01-15,14.56999969482422,SB=F,NY11 Sugar Continuous,c/lb
2026-01-16,14.960000038146973,SB=F,NY11 Sugar Continuous,c/lb
2026-01-20,14.720000267028809,SB=F,NY11 Sugar Continuous,c/lb
2026-01-21,14.739999771118164,SB=F,NY11 Sugar Continuous,c/lb
2026-01-22,14.960000038146973,SB=F,NY11 Sugar Continuous,c/lb
2026-01-23,14.729999542236328,SB=F,NY11 Sugar Continuous,c/lb
2026-01-26,14.789999961853027,SB=F,NY11 Sugar Continuous,c/lb
2026-01-27,14.829999923706056,SB=F,NY11 Sugar Continuous,c/lb
2026-01-28,14.710000038146973,SB=F,NY11 Sugar Continuous,c/lb
2026-01-29,14.699999809265137,SB=F,NY11 Sugar Continuous,c/lb
2026-01-30,14.270000457763672,SB=F,NY11 Sugar Continuous,c/lb
2026-02-02,14.260000228881836,SB=F,NY11 Sugar Continuous,c/lb
2026-02-03,14.630000114440918,SB=F,NY11 Sugar Continuous,c/lb
2026-02-04,14.4399995803833,SB=F,NY11 Sugar Continuous,c/lb
2026-02-05,14.270000457763672,SB=F,NY11 Sugar Continuous,c/lb
2026-02-06,14.109999656677246,SB=F,NY11 Sugar Continuous,c/lb
2026-02-09,14.350000381469728,SB=F,NY11 Sugar Continuous,c/lb
2026-02-10,14.119999885559082,SB=F,NY11 Sugar Continuous,c/lb
2026-02-11,13.84000015258789,SB=F,NY11 Sugar Continuous,c/lb
2026-02-12,13.75,SB=F,NY11 Sugar Continuous,c/lb
2026-02-13,13.779999732971191,SB=F,NY11 Sugar Continuous,c/lb
2026-02-17,13.859999656677246,SB=F,NY11 Sugar Continuous,c/lb
2026-02-18,14.170000076293944,SB=F,NY11 Sugar Continuous,c/lb
2026-02-19,14.06999969482422,SB=F,NY11 Sugar Continuous,c/lb
2026-02-20,14.300000190734863,SB=F,NY11 Sugar Continuous,c/lb
2026-02-23,14.449999809265137,SB=F,NY11 Sugar Continuous,c/lb
2026-02-24,14.550000190734863,SB=F,NY11 Sugar Continuous,c/lb
2026-02-25,14.59000015258789,SB=F,NY11 Sugar Continuous,c/lb
2026-02-26,14.40999984741211,SB=F,NY11 Sugar Continuous,c/lb
2026-02-27,14.300000190734863,SB=F,NY11 Sugar Continuous,c/lb
2026-03-02,13.90999984741211,SB=F,NY11 Sugar Continuous,c/lb
2026-03-03,13.93000030517578,SB=F,NY11 Sugar Continuous,c/lb
2026-03-04,13.729999542236328,SB=F,NY11 Sugar Continuous,c/lb
2026-03-05,13.720000267028809,SB=F,NY11 Sugar Continuous,c/lb
2026-03-06,14.100000381469728,SB=F,NY11 Sugar Continuous,c/lb
2026-03-09,14.59000015258789,SB=F,NY11 Sugar Continuous,c/lb
2026-03-10,14.380000114440918,SB=F,NY11 Sugar Continuous,c/lb
2026-03-11,14.25,SB=F,NY11 Sugar Continuous,c/lb
2026-03-12,14.380000114440918,SB=F,NY11 Sugar Continuous,c/lb
2026-03-13,14.369999885559082,SB=F,NY11 Sugar Continuous,c/lb
2026-03-16,14.1899995803833,SB=F,NY11 Sugar Continuous,c/lb
2026-03-17,14.449999809265137,SB=F,NY11 Sugar Continuous,c/lb
2026-03-18,14.800000190734863,SB=F,NY11 Sugar Continuous,c/lb
2026-03-19,15.369999885559082,SB=F,NY11 Sugar Continuous,c/lb
2026-03-20,15.699999809265137,SB=F,NY11 Sugar Continuous,c/lb
2026-03-23,15.520000457763672,SB=F,NY11 Sugar Continuous,c/lb
2026-03-24,15.880000114440918,SB=F,NY11 Sugar Continuous,c/lb
2026-03-25,15.550000190734863,SB=F,NY11 Sugar Continuous,c/lb
2026-03-26,15.869999885559082,SB=F,NY11 Sugar Continuous,c/lb
2026-03-27,15.760000228881836,SB=F,NY11 Sugar Continuous,c/lb
2026-03-30,15.550000190734863,SB=F,NY11 Sugar Continuous,c/lb
2026-03-31,15.520000457763672,SB=F,NY11 Sugar Continuous,c/lb
2026-04-01,15.289999961853027,SB=F,NY11 Sugar Continuous,c/lb
2026-04-02,15.0,SB=F,NY11 Sugar Continuous,c/lb
2026-04-06,14.970000267028809,SB=F,NY11 Sugar Continuous,c/lb
2026-04-07,14.579999923706056,SB=F,NY11 Sugar Continuous,c/lb
2026-04-08,14.229999542236328,SB=F,NY11 Sugar Continuous,c/lb
2026-04-09,13.920000076293944,SB=F,NY11 Sugar Continuous,c/lb
2026-04-10,13.75,SB=F,NY11 Sugar Continuous,c/lb
2026-04-13,13.68000030517578,SB=F,NY11 Sugar Continuous,c/lb
2026-04-14,13.880000114440918,SB=F,NY11 Sugar Continuous,c/lb
2026-04-15,13.510000228881836,SB=F,NY11 Sugar Continuous,c/lb
2026-04-16,13.65999984741211,SB=F,NY11 Sugar Continuous,c/lb
2026-04-17,13.3100004196167,SB=F,NY11 Sugar Continuous,c/lb
2026-04-20,13.470000267028809,SB=F,NY11 Sugar Continuous,c/lb
2026-04-21,13.43000030517578,SB=F,NY11 Sugar Continuous,c/lb
2026-04-22,13.56999969482422,SB=F,NY11 Sugar Continuous,c/lb
2026-04-23,13.600000381469728,SB=F,NY11 Sugar Continuous,c/lb
2026-04-24,13.93000030517578,SB=F,NY11 Sugar Continuous,c/lb
2026-04-27,13.829999923706056,SB=F,NY11 Sugar Continuous,c/lb
2026-04-28,14.109999656677246,SB=F,NY11 Sugar Continuous,c/lb
2026-04-29,14.68000030517578,SB=F,NY11 Sugar Continuous,c/lb
2026-04-30,14.579999923706056,SB=F,NY11 Sugar Continuous,c/lb
2026-05-01,14.970000267028809,SB=F,NY11 Sugar Continuous,c/lb
